null_model,null_model_label,bin,observed_mean,observed_sd,observed_sem,null_mean,null_sd,delta_vs_null,z_score,p_value_enrichment,null_ci_low,null_ci_high,n_images
local_jitter,Local jitter window,whole_image,0.11459620795438809,0.1651420364887642,0.02206803288196701,0.010556439622915614,0.00451547513964828,0.10403976833147248,23.04071334995244,0.0003332222592469177,0.0035290031243892304,0.02105771803714241,56
local_jitter,Local jitter window,0_30,0.1198549856692543,0.18725879332968937,0.025023508832157395,0.010983636230696158,0.0046624835296080365,0.10887134943855814,23.35050595829358,0.0003332222592469177,0.0033945209129799163,0.02136838446240541,56
local_jitter,Local jitter window,30_60,0.05365302686731258,0.13086722273747306,0.017487868237223456,0.004472697210630709,0.005219412463172761,0.04918032965668187,9.42257964927843,0.0003332222592469177,0.0,0.01852904040404044,56
local_jitter,Local jitter window,60_90,0.019841269841269844,0.10616705988571942,0.014187170137624053,0.003235183106359757,0.005580598230244581,0.016606086734910087,2.975682184915557,0.018327224258580473,0.0,0.01938830967169477,56
local_jitter,Local jitter window,90_120,0.0071428571428571435,0.053452248382484885,0.007142857142857144,0.0004474914965986394,0.0014987932327225357,0.006695365646258504,4.46717098801979,0.013328890369876709,0.0,0.005952380952380952,56
