threshold_um,null_model,region,xmin_um,xmax_um,actin_total,arc_total,observed_pairs,actin_match_fraction,arc_match_fraction,dice_fraction,null_pairs_mean,null_pairs_ci_low,null_pairs_ci_high,null_actin_match_fraction_mean,null_arc_match_fraction_mean,null_dice_fraction_mean,enrichment_vs_null,empirical_p_enrichment
0.1,fix_x_permute_yz,whole_image,-inf,inf,1605,559,108,0.06728971962616823,0.19320214669051877,0.09981515711645102,6.95,3.0,11.049999999999997,0.004330218068535826,0.012432915921288014,0.006423290203327172,15.53956834532374,0.047619047619047616
0.1,fix_x_permute_yz,x_ge_50,50.0,inf,248,66,9,0.036290322580645164,0.13636363636363635,0.05732484076433121,0.5,0.0,2.0,0.0020161290322580645,0.007575757575757576,0.0031847133757961785,18.0,0.047619047619047616
0.1,fix_x_permute_yz,0_30,0.0,30.0,1062,408,84,0.07909604519774012,0.20588235294117646,0.11428571428571428,5.35,2.475,8.0,0.005037664783427495,0.013112745098039214,0.0072789115646258494,15.700934579439254,0.047619047619047616
0.1,fix_x_permute_yz,30_60,30.0,60.0,388,116,20,0.05154639175257732,0.1724137931034483,0.07936507936507936,1.4,0.0,4.0,0.003608247422680412,0.01206896551724138,0.005555555555555555,14.285714285714286,0.047619047619047616
0.1,fix_x_permute_yz,60_90,60.0,90.0,134,28,3,0.022388059701492536,0.10714285714285714,0.037037037037037035,0.2,0.0,1.0,0.0014925373134328358,0.0071428571428571435,0.0024691358024691358,15.0,0.047619047619047616
0.1,fix_x_permute_yz,90_120,90.0,120.0,20,6,1,0.05,0.16666666666666666,0.07692307692307693,0.0,0.0,0.0,0.0,0.0,0.0,inf,0.047619047619047616
