null_model,null_model_label,bin,observed_mean,observed_sd,observed_sem,null_mean,null_sd,delta_vs_null,z_score,p_value_enrichment,null_ci_low,null_ci_high,n_images
uniform_random,Uniform random placement,whole_image,0.11459620795438809,0.1651420364887642,0.02206803288196701,0.002207040821773871,0.0018251836882756684,0.11238916713261422,61.57690749405789,0.0001999600079984003,0.0,0.006568899024256168,56
uniform_random,Uniform random placement,0_30,0.1198549856692543,0.18725879332968937,0.025023508832157395,0.002168238517607776,0.0021496955782460163,0.11768674715164652,54.74577346792039,0.0001999600079984003,0.0,0.00761857986981342,56
uniform_random,Uniform random placement,30_60,0.05365302686731258,0.13086722273747306,0.017487868237223456,0.0015439966544031336,0.0022660832546312335,0.05210903021290945,22.995196715042717,0.0001999600079984003,0.0,0.007749106611868642,56
uniform_random,Uniform random placement,60_90,0.019841269841269844,0.10616705988571942,0.014187170137624053,0.0006028300997953022,0.001663478901639177,0.01923843974147454,11.565184098528185,0.0001999600079984003,0.0,0.005019150953064146,56
uniform_random,Uniform random placement,90_120,0.0071428571428571435,0.053452248382484885,0.007142857142857144,0.0001716066045531342,0.0006744756152797846,0.006971250538304009,10.335808115779262,0.0011997600479904018,0.0,0.001984126984126984,56
