null_model,null_model_label,bin,observed_mean,observed_sd,observed_sem,null_mean,null_sd,delta_vs_null,z_score,p_value_enrichment,null_ci_low,null_ci_high,n_images
permute_xy,Permute x/y reference,whole_image,0.11459620795438809,0.1651420364887642,0.02206803288196701,0.02447097216246271,0.00625022750842955,0.09012523579192538,14.419512836992794,0.0003332222592469177,0.013374357897505816,0.03761680510634544,56
permute_xy,Permute x/y reference,0_30,0.1198549856692543,0.18725879332968937,0.025023508832157395,0.02527903612130126,0.006638862048610112,0.09457594954795304,14.24580731689599,0.0003332222592469177,0.013062259963938188,0.039159630560050354,56
permute_xy,Permute x/y reference,30_60,0.05365302686731258,0.13086722273747306,0.017487868237223456,0.01096005856467166,0.006718581872959973,0.042692968302640924,6.354461270237062,0.0003332222592469177,0.0010822510822510823,0.026062066240637675,56
permute_xy,Permute x/y reference,60_90,0.019841269841269844,0.10616705988571942,0.014187170137624053,0.002877376974181485,0.004180816450365875,0.016963892867088357,4.0575550418157675,0.003332222592469177,0.0,0.015873015873015872,56
permute_xy,Permute x/y reference,90_120,0.0071428571428571435,0.053452248382484885,0.007142857142857144,0.0003904761904761905,0.0016240453088870847,0.006752380952380953,4.157754045056897,0.05498167277574142,0.0,0.0071428571428571435,56
