null_model,null_model_label,bin,observed_mean,observed_sd,observed_sem,null_mean,null_sd,delta_vs_null,z_score,p_value_enrichment,null_ci_low,null_ci_high,n_images
resample_with_replacement,Resample puncta with replacement,whole_image,0.11459620795438809,0.1651420364887642,0.02206803288196701,0.07481756533085017,0.010731037997909447,0.03977864262353792,3.7068774363940697,0.0003332222592469177,0.053919204873414936,0.09674852930826465,56
resample_with_replacement,Resample puncta with replacement,0_30,0.1198549856692543,0.18725879332968937,0.025023508832157395,0.07769758907641618,0.011708359291417093,0.042157396592838126,3.600623754665775,0.0003332222592469177,0.05416601639001197,0.10032001471324245,56
resample_with_replacement,Resample puncta with replacement,30_60,0.05365302686731258,0.13086722273747306,0.017487868237223456,0.03172522971763982,0.012292049781791348,0.02192779714967276,1.7839007764315427,0.04165278240586471,0.009061677440862708,0.056205668776901904,56
resample_with_replacement,Resample puncta with replacement,60_90,0.019841269841269844,0.10616705988571942,0.014187170137624053,0.011055137152369433,0.008393921005184385,0.008786132688900411,1.0467256820112774,0.18360546484505164,0.0,0.026785714285714284,56
resample_with_replacement,Resample puncta with replacement,90_120,0.0071428571428571435,0.053452248382484885,0.007142857142857144,0.0038299289995718565,0.005159886194186137,0.003312928143285287,0.642054498608536,0.315894701766078,0.0,0.014880952380952382,56
