threshold_um,null_model,region,xmin_um,xmax_um,actin_total,arc_total,observed_pairs,actin_match_fraction,arc_match_fraction,dice_fraction,null_pairs_mean,null_pairs_ci_low,null_pairs_ci_high,null_actin_match_fraction_mean,null_arc_match_fraction_mean,null_dice_fraction_mean,enrichment_vs_null,empirical_p_enrichment
0.1,permute_x_fix_yz,whole_image,-inf,inf,1605,559,108,0.06728971962616823,0.19320214669051877,0.09981515711645102,8.8,4.45,14.0,0.0054828660436137076,0.015742397137745976,0.00813308687615527,12.272727272727272,0.09090909090909091
0.1,permute_x_fix_yz,x_ge_50,50.0,inf,248,66,9,0.036290322580645164,0.13636363636363635,0.05732484076433121,0.4,0.0,1.0,0.0016129032258064516,0.006060606060606061,0.002547770700636943,22.5,0.09090909090909091
0.1,permute_x_fix_yz,0_30,0.0,30.0,1062,408,84,0.07909604519774012,0.20588235294117646,0.11428571428571428,7.3,3.45,12.775,0.00687382297551789,0.017892156862745097,0.009931972789115647,11.506849315068493,0.09090909090909091
0.1,permute_x_fix_yz,30_60,30.0,60.0,388,116,20,0.05154639175257732,0.1724137931034483,0.07936507936507936,1.4,0.225,3.0,0.003608247422680412,0.01206896551724138,0.005555555555555555,14.285714285714286,0.09090909090909091
0.1,permute_x_fix_yz,60_90,60.0,90.0,134,28,3,0.022388059701492536,0.10714285714285714,0.037037037037037035,0.1,0.0,0.7750000000000004,0.0007462686567164179,0.0035714285714285718,0.0012345679012345679,30.0,0.09090909090909091
0.1,permute_x_fix_yz,90_120,90.0,120.0,20,6,1,0.05,0.16666666666666666,0.07692307692307693,0.0,0.0,0.0,0.0,0.0,0.0,inf,0.09090909090909091
