threshold_um,null_model,region,xmin_um,xmax_um,actin_total,arc_total,observed_pairs,actin_match_fraction,arc_match_fraction,dice_fraction,null_pairs_mean,null_pairs_ci_low,null_pairs_ci_high,null_actin_match_fraction_mean,null_arc_match_fraction_mean,null_dice_fraction_mean,enrichment_vs_null,empirical_p_enrichment
0.1,shift_x_circular,whole_image,-inf,inf,1605,559,108,0.06728971962616823,0.19320214669051877,0.09981515711645102,1.8205,0.0,8.0,0.0011342679127725856,0.0032567084078711987,0.001682532347504621,59.32436143916507,0.0004997501249375312
0.1,shift_x_circular,x_ge_50,50.0,inf,248,66,9,0.036290322580645164,0.13636363636363635,0.05732484076433121,0.2745,0.0,2.0,0.0011068548387096774,0.004159090909090909,0.0017484076433121022,32.78688524590164,0.0014992503748125937
0.1,shift_x_circular,0_30,0.0,30.0,1062,408,84,0.07909604519774012,0.20588235294117646,0.11428571428571428,1.2165,0.0,6.0,0.0011454802259887006,0.0029816176470588234,0.0016551020408163263,69.05055487053022,0.0004997501249375312
0.1,shift_x_circular,30_60,30.0,60.0,388,116,20,0.05154639175257732,0.1724137931034483,0.07936507936507936,0.4105,0.0,2.0,0.0010579896907216494,0.0035387931034482757,0.001628968253968254,48.721071863581,0.0004997501249375312
0.1,shift_x_circular,60_90,60.0,90.0,134,28,3,0.022388059701492536,0.10714285714285714,0.037037037037037035,0.1535,0.0,1.0,0.0011455223880597015,0.005482142857142857,0.0018950617283950617,19.54397394136808,0.0024987506246876563
0.1,shift_x_circular,90_120,90.0,120.0,20,6,1,0.05,0.16666666666666666,0.07692307692307693,0.0245,0.0,0.0,0.001225,0.004083333333333334,0.0018846153846153848,40.816326530612244,0.02148925537231384
