bin,mean,sd,sem,n_images
whole_image,0.10991508250120381,0.16220138341453322,0.02167507158564073,56
0_30,0.11384959228382996,0.18462785006817212,0.024671934250420285,56
30_60,0.05365302686731258,0.13086722273747306,0.017487868237223456,56
60_90,0.019841269841269844,0.10616705988571942,0.014187170137624053,56
90_120,0.0071428571428571435,0.053452248382484885,0.007142857142857144,56
