threshold_um,region,xmin_um,xmax_um,actin_total,arc_total,observed_pairs,actin_match_fraction,arc_match_fraction,dice_fraction,null_pairs_mean,null_pairs_ci_low,null_pairs_ci_high,null_actin_match_fraction_mean,null_arc_match_fraction_mean,null_dice_fraction_mean,enrichment_vs_null,empirical_p_enrichment
0.1,whole_image,-inf,inf,1605,559,108,0.06728971962616823,0.19320214669051877,0.09981515711645102,6.522,2.0,12.0,0.004063551401869159,0.011667262969588551,0.006027726432532347,16.55933762649494,0.0004997501249375312
0.1,x_ge_50,50.0,inf,248,66,9,0.036290322580645164,0.13636363636363635,0.05732484076433121,0.31,0.0,2.0,0.00125,0.004696969696969697,0.0019745222929936305,29.032258064516128,0.0004997501249375312
0.1,0_30,0.0,30.0,1062,408,84,0.07909604519774012,0.20588235294117646,0.11428571428571428,5.268,1.0,10.0,0.00496045197740113,0.012911764705882352,0.00716734693877551,15.945330296127564,0.0004997501249375312
0.1,30_60,30.0,60.0,388,116,20,0.05154639175257732,0.1724137931034483,0.07936507936507936,1.112,0.0,4.0,0.002865979381443299,0.009586206896551725,0.004412698412698413,17.985611510791365,0.0004997501249375312
0.1,60_90,60.0,90.0,134,28,3,0.022388059701492536,0.10714285714285714,0.037037037037037035,0.1265,0.0,1.0,0.0009440298507462687,0.004517857142857143,0.0015617283950617284,23.715415019762844,0.0004997501249375312
0.1,90_120,90.0,120.0,20,6,1,0.05,0.16666666666666666,0.07692307692307693,0.0155,0.0,0.0,0.000775,0.0025833333333333333,0.0011923076923076924,64.51612903225806,0.015992003998001
