null_model,null_model_label,bin,observed_mean,observed_sd,observed_sem,null_mean,null_sd,delta_vs_null,z_score,p_value_enrichment,null_ci_low,null_ci_high,n_images
resample_with_replacement,Resample puncta with replacement,whole_image,0.11459620795438809,0.1651420364887642,0.02206803288196701,0.07488631515860465,0.010751203926769573,0.039709892795783436,3.693529865702688,0.0003999200159968006,0.05399162543923926,0.09585135371443178,56
resample_with_replacement,Resample puncta with replacement,0_30,0.1198549856692543,0.18725879332968937,0.025023508832157395,0.0776528322427579,0.011663721870836745,0.0422021534264964,3.6182407205727425,0.0001999600079984003,0.05510130957734781,0.10067058312622543,56
resample_with_replacement,Resample puncta with replacement,30_60,0.05365302686731258,0.13086722273747306,0.017487868237223456,0.03188490602149502,0.011957301736844879,0.021768120845817564,1.820487709090916,0.03939212157568486,0.00980005188835699,0.05593598198483005,56
resample_with_replacement,Resample puncta with replacement,60_90,0.019841269841269844,0.10616705988571942,0.014187170137624053,0.010753539074459988,0.008279966662292212,0.009087730766809856,1.0975564440610952,0.17096580683863227,0.0,0.02747252747252747,56
resample_with_replacement,Resample puncta with replacement,90_120,0.0071428571428571435,0.053452248382484885,0.007142857142857144,0.003877405927405927,0.0051495157651433995,0.0032654512154512167,0.6341278217953534,0.3255348930213957,0.0,0.014880952380952382,56
