threshold_um,null_model,region,xmin_um,xmax_um,actin_total,arc_total,observed_pairs,actin_match_fraction,arc_match_fraction,dice_fraction,null_pairs_mean,null_pairs_ci_low,null_pairs_ci_high,null_actin_match_fraction_mean,null_arc_match_fraction_mean,null_dice_fraction_mean,enrichment_vs_null,empirical_p_enrichment
0.1,shuffle_arc_between_images,whole_image,-inf,inf,1605,559,108,0.06728971962616823,0.19320214669051877,0.09981515711645102,2.6915,0.0,14.0,0.0016769470404984423,0.00481484794275492,0.0024875231053604436,40.12632361136912,0.0004997501249375312
0.1,shuffle_arc_between_images,x_ge_50,50.0,inf,248,66,9,0.036290322580645164,0.13636363636363635,0.05732484076433121,0.1855,0.0,2.0,0.000747983870967742,0.0028106060606060607,0.001181528662420382,48.517520215633425,0.0004997501249375312
0.1,shuffle_arc_between_images,0_30,0.0,30.0,1062,408,84,0.07909604519774012,0.20588235294117646,0.11428571428571428,2.1545,0.0,11.0,0.002028719397363465,0.005280637254901961,0.0029312925170068027,38.988164307263865,0.0004997501249375312
0.1,shuffle_arc_between_images,30_60,30.0,60.0,388,116,20,0.05154639175257732,0.1724137931034483,0.07936507936507936,0.4605,0.0,5.0,0.001186855670103093,0.003969827586206897,0.0018273809523809525,43.43105320304017,0.0004997501249375312
0.1,shuffle_arc_between_images,60_90,60.0,90.0,134,28,3,0.022388059701492536,0.10714285714285714,0.037037037037037035,0.0545,0.0,1.0,0.0004067164179104478,0.0019464285714285714,0.0006728395061728395,55.04587155963303,0.0009995002498750624
0.1,shuffle_arc_between_images,90_120,90.0,120.0,20,6,1,0.05,0.16666666666666666,0.07692307692307693,0.022,0.0,0.0,0.0010999999999999998,0.0036666666666666666,0.0016923076923076922,45.45454545454546,0.022488755622188907
