null_model,null_model_label,bin,observed_mean,observed_sd,observed_sem,null_mean,null_sd,delta_vs_null,z_score,p_value_enrichment,null_ci_low,null_ci_high,n_images
permute_xy,Permute x/y reference,whole_image,0.11459620795438809,0.1651420364887642,0.02206803288196701,0.024357506242379243,0.0062941505744704435,0.09023870171200885,14.336914988660094,0.0001999600079984003,0.013035487103104666,0.03764274788169514,56
permute_xy,Permute x/y reference,0_30,0.1198549856692543,0.18725879332968937,0.025023508832157395,0.025145503699893452,0.0065960743406056985,0.09470948196936085,14.358461878806532,0.0001999600079984003,0.013348536184588275,0.03892743822660102,56
permute_xy,Permute x/y reference,30_60,0.05365302686731258,0.13086722273747306,0.017487868237223456,0.01111527730536659,0.007034567477312492,0.04253774956194599,6.046960200344435,0.0001999600079984003,0.0010714285714285752,0.027058241857348984,56
permute_xy,Permute x/y reference,60_90,0.019841269841269844,0.10616705988571942,0.014187170137624053,0.0027226056211958464,0.004096062902712554,0.017118664220073996,4.17929719993739,0.003199360127974405,0.0,0.013784461152882205,56
permute_xy,Permute x/y reference,90_120,0.0071428571428571435,0.053452248382484885,0.007142857142857144,0.00047285714285714287,0.0017761160042264236,0.006670000000000001,3.7553853375163286,0.06638672265546891,0.0,0.0071428571428571435,56
