null_model,null_model_label,bin,observed_mean,observed_sd,observed_sem,null_mean,null_sd,delta_vs_null,z_score,p_value_enrichment,null_ci_low,null_ci_high,n_images
axial_shift_arc,Axial shift of arc channel,whole_image,0.11459620795438809,0.1651420364887642,0.02206803288196701,0.0026396816441219906,0.0018151271643835772,0.11195652631026609,61.67971506739412,0.0003332222592469177,0.00019305019305019305,0.007154545921562728,56
axial_shift_arc,Axial shift of arc channel,0_30,0.1198549856692543,0.18725879332968937,0.025023508832157395,0.002524263715180668,0.002150410450290675,0.11733072195407364,54.562012539612525,0.0003332222592469177,0.0,0.007742635005119448,56
axial_shift_arc,Axial shift of arc channel,30_60,0.05365302686731258,0.13086722273747306,0.017487868237223456,0.0020339393217380553,0.0028452924613753317,0.051619087545574524,18.141926795329628,0.0003332222592469177,0.0,0.009200174825174828,56
axial_shift_arc,Axial shift of arc channel,60_90,0.019841269841269844,0.10616705988571942,0.014187170137624053,0.0008412050343688008,0.0017395533376105374,0.019000064806901043,10.92238127805823,0.0003332222592469177,0.0,0.006318681318681319,56
axial_shift_arc,Axial shift of arc channel,90_120,0.0071428571428571435,0.053452248382484885,0.007142857142857144,0.00014661983901645555,0.0007375015626587124,0.006996237303840688,9.486403362481118,0.0036654448517160947,0.0,0.0027472527472527475,56
