threshold_um,null_model,region,xmin_um,xmax_um,actin_total,arc_total,observed_pairs,actin_match_fraction,arc_match_fraction,dice_fraction,null_pairs_mean,null_pairs_ci_low,null_pairs_ci_high,null_actin_match_fraction_mean,null_arc_match_fraction_mean,null_dice_fraction_mean,enrichment_vs_null,empirical_p_enrichment
0.1,permute_x_fix_yz,whole_image,-inf,inf,1605,559,108,0.06728971962616823,0.19320214669051877,0.09981515711645102,8.85,4.475,14.0,0.005514018691588785,0.015831842576028623,0.008179297597042513,12.203389830508476,0.047619047619047616
0.1,permute_x_fix_yz,x_ge_50,50.0,inf,248,66,9,0.036290322580645164,0.13636363636363635,0.05732484076433121,0.35,0.0,1.0,0.001411290322580645,0.0053030303030303025,0.0022292993630573248,25.714285714285715,0.047619047619047616
0.1,permute_x_fix_yz,0_30,0.0,30.0,1062,408,84,0.07909604519774012,0.20588235294117646,0.11428571428571428,7.45,3.95,12.524999999999999,0.007015065913370999,0.01825980392156863,0.010136054421768707,11.275167785234899,0.047619047619047616
0.1,permute_x_fix_yz,30_60,30.0,60.0,388,116,20,0.05154639175257732,0.1724137931034483,0.07936507936507936,1.2,0.0,3.0,0.003092783505154639,0.010344827586206896,0.0047619047619047615,16.666666666666668,0.047619047619047616
0.1,permute_x_fix_yz,60_90,60.0,90.0,134,28,3,0.022388059701492536,0.10714285714285714,0.037037037037037035,0.15,0.0,1.0,0.001119402985074627,0.005357142857142857,0.0018518518518518517,20.0,0.047619047619047616
0.1,permute_x_fix_yz,90_120,90.0,120.0,20,6,1,0.05,0.16666666666666666,0.07692307692307693,0.05,0.0,0.5249999999999986,0.0025,0.008333333333333333,0.0038461538461538464,20.0,0.09523809523809523
