#term ID	term description	observed gene count	background gene count	strength	signal	false discovery rate	matching proteins in your network (IDs)	matching proteins in your network (labels)
GO:0003341	Cilium movement	6	198	1.87	2.79	8.01e-07	10090.ENSMUSP00000010188,10090.ENSMUSP00000023501,10090.ENSMUSP00000035100,10090.ENSMUSP00000053206,10090.ENSMUSP00000053972,10090.ENSMUSP00000113309	Zmynd10,Maats1,Ttc21a,Cfap69,Drc7,Wdr66
GO:0044782	Cilium organization	6	362	1.6	2.01	1.40e-05	10090.ENSMUSP00000010188,10090.ENSMUSP00000023501,10090.ENSMUSP00000035100,10090.ENSMUSP00000051177,10090.ENSMUSP00000053206,10090.ENSMUSP00000053972	Zmynd10,Maats1,Ttc21a,Iqub,Cfap69,Drc7
GO:0035082	Axoneme assembly	4	102	1.98	1.88	0.00026	10090.ENSMUSP00000010188,10090.ENSMUSP00000023501,10090.ENSMUSP00000053206,10090.ENSMUSP00000053972	Zmynd10,Maats1,Cfap69,Drc7
GO:0060271	Cilium assembly	5	325	1.57	1.57	0.00029	10090.ENSMUSP00000010188,10090.ENSMUSP00000023501,10090.ENSMUSP00000051177,10090.ENSMUSP00000053206,10090.ENSMUSP00000053972	Zmynd10,Maats1,Iqub,Cfap69,Drc7
GO:0030317	Flagellated sperm motility	4	136	1.85	1.68	0.00052	10090.ENSMUSP00000035100,10090.ENSMUSP00000053206,10090.ENSMUSP00000053972,10090.ENSMUSP00000113309	Ttc21a,Cfap69,Drc7,Wdr66
GO:0044458	Motile cilium assembly	3	66	2.04	1.43	0.0025	10090.ENSMUSP00000010188,10090.ENSMUSP00000053206,10090.ENSMUSP00000053972	Zmynd10,Cfap69,Drc7
