bin,observed_mean,observed_sd,observed_sem,null_mean,null_sd,delta_vs_null,z_score,p_value_enrichment,null_ci_low,null_ci_high,n_images
whole_image,0.11459620795438809,0.1651420364887642,0.02206803288196701,0.0750037806211586,0.01052523326251767,0.039592427333229485,3.7616674467658164,0.0001999600079984003,0.05507687513254044,0.09583581497919788,56
0_40,0.12276503697639825,0.17696145023340987,0.0236474684800024,0.07989089282778425,0.011458391528381726,0.042874144148614,3.7417244857114023,0.0001999600079984003,0.05796715741482231,0.10283329063198816,56
40_80,0.021266233766233766,0.07445755023396192,0.009949808672642694,0.012838207483795066,0.006618206438975313,0.0084280262824387,1.2734607722124183,0.1205758848230354,0.00208282632060088,0.02672407457682824,56
80_120,0.011054421768707483,0.05813785352645101,0.007768997467800959,0.006375752733785822,0.005969487581250625,0.004678669034921661,0.783763928015655,0.21375724855028994,0.0,0.019557823129251698,56
120_160,0.0,0.0,0.0,0.0,0.0,0.0,,1.0,0.0,0.0,56
