null_model,null_model_label,bin,observed_mean,observed_sd,observed_sem,null_mean,null_sd,delta_vs_null,z_score,p_value_enrichment,null_ci_low,null_ci_high,n_images
uniform_random,Uniform random placement,whole_image,0.11459620795438809,0.1651420364887642,0.02206803288196701,0.0022041961151259234,0.001842395343910648,0.11239201183926216,61.00320010617272,0.0003332222592469177,0.0,0.0066062931834175685,56
uniform_random,Uniform random placement,0_30,0.1198549856692543,0.18725879332968937,0.025023508832157395,0.002152757342285434,0.002123457432558833,0.11770222832696887,55.42952098885919,0.0003332222592469177,0.0,0.007339962173479633,56
uniform_random,Uniform random placement,30_60,0.05365302686731258,0.13086722273747306,0.017487868237223456,0.0015679773803141742,0.002357110334907915,0.05208504948699841,22.096992540246617,0.0003332222592469177,0.0,0.007936958874458876,56
uniform_random,Uniform random placement,60_90,0.019841269841269844,0.10616705988571942,0.014187170137624053,0.0006365145620762302,0.001788534820754765,0.019204755279193613,10.737702758892427,0.0006664445184938354,0.0,0.00510204081632653,56
uniform_random,Uniform random placement,90_120,0.0071428571428571435,0.053452248382484885,0.007142857142857144,0.00016926183358460301,0.0007613786173146275,0.006973595309272541,9.159168842787206,0.0016661112962345886,0.0,0.001984126984126984,56
