threshold_um,null_model,region,xmin_um,xmax_um,actin_total,arc_total,observed_pairs,actin_match_fraction,arc_match_fraction,dice_fraction,null_pairs_mean,null_pairs_ci_low,null_pairs_ci_high,null_actin_match_fraction_mean,null_arc_match_fraction_mean,null_dice_fraction_mean,enrichment_vs_null,empirical_p_enrichment
0.1,shuffle_arc_between_images,whole_image,-inf,inf,1605,559,108,0.06728971962616823,0.19320214669051877,0.09981515711645102,3.7,0.0,11.524999999999999,0.0023052959501557633,0.006618962432915922,0.0034195933456561923,29.18918918918919,0.047619047619047616
0.1,shuffle_arc_between_images,x_ge_50,50.0,inf,248,66,9,0.036290322580645164,0.13636363636363635,0.05732484076433121,0.1,0.0,1.0499999999999972,0.0004032258064516129,0.0015151515151515152,0.0006369426751592357,90.0,0.047619047619047616
0.1,shuffle_arc_between_images,0_30,0.0,30.0,1062,408,84,0.07909604519774012,0.20588235294117646,0.11428571428571428,3.15,0.0,8.524999999999999,0.0029661016949152543,0.007720588235294117,0.004285714285714286,26.666666666666668,0.047619047619047616
0.1,shuffle_arc_between_images,30_60,30.0,60.0,388,116,20,0.05154639175257732,0.1724137931034483,0.07936507936507936,0.55,0.0,4.099999999999994,0.0014175257731958765,0.004741379310344828,0.0021825396825396826,36.36363636363636,0.047619047619047616
0.1,shuffle_arc_between_images,60_90,60.0,90.0,134,28,3,0.022388059701492536,0.10714285714285714,0.037037037037037035,0.0,0.0,0.0,0.0,0.0,0.0,inf,0.047619047619047616
0.1,shuffle_arc_between_images,90_120,90.0,120.0,20,6,1,0.05,0.16666666666666666,0.07692307692307693,0.0,0.0,0.0,0.0,0.0,0.0,inf,0.047619047619047616
