null_model,null_model_label,bin,observed_mean,observed_sd,observed_sem,null_mean,null_sd,delta_vs_null,z_score,p_value_enrichment,null_ci_low,null_ci_high,n_images
local_masked_randomization,Local x-density / y-mask randomization,whole_image,0.11459620795438809,0.1651420364887642,0.02206803288196701,0.08506288186899713,0.010710351615708455,0.029533326085390957,2.757456257745598,0.001999333555481506,0.06448275773726365,0.1062550340252932,56
local_masked_randomization,Local x-density / y-mask randomization,0_30,0.1198549856692543,0.18725879332968937,0.025023508832157395,0.07120358357537092,0.011757846322497783,0.048651402093883384,4.137781763722534,0.0006664445184938354,0.04857073435715341,0.09421313710278321,56
local_masked_randomization,Local x-density / y-mask randomization,30_60,0.05365302686731258,0.13086722273747306,0.017487868237223456,0.06762026578174113,0.016772616983707432,-0.013967238914428547,-0.8327405871126747,0.7964011996001333,0.037315448275269704,0.10255395251440695,56
local_masked_randomization,Local x-density / y-mask randomization,60_90,0.019841269841269844,0.10616705988571942,0.014187170137624053,0.03287469877491728,0.008483940642385756,-0.013033428933647433,-1.5362470676105913,0.9540153282239253,0.017857142857142856,0.05069568452380952,56
local_masked_randomization,Local x-density / y-mask randomization,90_120,0.0071428571428571435,0.053452248382484885,0.007142857142857144,0.010276100073867932,0.004027297033560738,-0.003133242931010789,-0.7780014498311115,1.0,0.0071428571428571435,0.02023809523809524,56
